BugID,File,Line,Function,ErrorType,NumSpecs,RepresentativeSpec
SEL-001,cil/src/cil.c,1524,cil_userprefixes_to_string,heap-buffer-overflow,1,10514_cil.c_1531_sailor_wmi-2-type-confusion-leak
SEL-002,cil/src/cil.c,2804,cil_classperms_set_init,SEGV,1,11801_cil_build_ast.c_796_sailor_wmi-2-type-confusion-leak
SEL-003,cil/src/cil_binary.c,524,cil_typealias_to_policydb,heap-buffer-overflow,1,11699_cil_binary.c_534_sailor_wmi-2-type-confusion-leak
SEL-004,cil/src/cil_binary.c,595,cil_typeattribute_to_policydb,heap-buffer-overflow,1,11672_cil_binary.c_595_sailor_wmi-2-type-confusion-leak
SEL-005,cil/src/cil_binary.c,889,cil_sensitivityorder_to_policydb,heap-buffer-overflow,1,11565_cil_binary.c_889_sailor_wmi-2-type-confusion-leak
SEL-006,cil/src/cil_binary.c,2746,cil_roleallow_to_policydb,heap-use-after-free,1,10200_cil_binary.c_2749_sailor_wmi-2-type-confusion-leak
SEL-007,cil/src/cil_build_ast.c,469,cil_gen_blockabstract,heap-buffer-overflow,2,11892_cil_build_ast.c_481_sailor_wmi-2-type-confusion-leak
SEL-008,cil/src/cil_build_ast.c,647,cil_gen_perm,heap-use-after-free,1,11856_cil_build_ast.c_647_sailor_wmi-2-type-confusion-leak
SEL-009,cil/src/cil_list.c,53,cil_list_init,heap-buffer-overflow,1,10055_cil_resolve_ast.c_1490_sailor_wmi-2-type-confusion-leak
SEL-010,cil/src/cil_list.c,93,cil_list_item_destroy,heap-use-after-free,1,1354_cil_list.c_93_sailor_wmi-2-type-confusion-leak
SEL-011,cil/src/cil_resolve_ast.c,1440,cil_resolve_classorder,heap-buffer-overflow,1,10104_cil_resolve_ast.c_1448_sailor_wmi-2-type-confusion-leak
SEL-012,cil/src/cil_symtab.c,154,cil_complex_symtab_hash,heap-buffer-overflow,2,1219_cil_symtab.c_194_sailor_wmi-2-type-confusion-leak
SEL-013,cil/src/cil_symtab.c,276,cil_complex_symtab_destroy,SEGV,1,1206_cil_symtab.c_189_sailor_wmi-2-type-confusion-leak
SEL-014,cil/src/cil_tree.c,204,cil_tree_children_destroy,heap-use-after-free,2,11843_cil_build_ast.c_703_sailor_wmi-2-type-confusion-leak
SEL-015,cil/src/cil_verify.c,154,__cil_verify_syntax,heap-use-after-free,2,11254_cil_build_ast.c_2379_sailor_wmi-2-type-confusion-leak
SEL-016,cil/src/cil_verify.c,155,__cil_verify_syntax,heap-buffer-overflow,3,11414_cil_build_ast.c_1946_sailor_wmi-2-type-confusion-leak
SEL-017,interceptor/boolean,389,__interceptor_strlen,heap-use-after-free,1,1770_boolean_record.c_57_sailor_wmi-2-type-confusion-leak
SEL-018,interceptor/context,127,__interceptor_free,double-free,1,663_context_record.c_192_sailor_cpp_CWE-416_DirectFreeArgUseFast
SEL-019,interceptor/context.c,450,__interceptor_strdup,SEGV,1,12086_context.c_235_sailor_wmi-2-type-confusion-leak
SEL-020,interceptor/ibendport,58,MaybeRealStrnlen,SEGV,1,1316_ibendport_record.c_247_sailor_wmi-2-type-confusion-leak
SEL-021,interceptor/node,127,__interceptor_free,double-free,1,2155_node_record.c_513_sailor_wmi-2-type-confusion-leak
SEL-022,interceptor/node,827,__interceptor_memcpy,heap-buffer-overflow,10,042_node_record.c_470_local_cpp_cwe-120-overflow
SEL-023,interceptor/policydb.c,799,__interceptor_memset,heap-use-after-free,2,11122_policydb.c_609_sailor_wmi-2-type-confusion-leak
SEL-024,interceptor/services.c,827,__interceptor_memcpy,heap-buffer-overflow,1,052_services.c_1715_local_cpp_cwe-120-overflow
SEL-025,interceptor/sha1.c,827,__interceptor_memcpy,heap-buffer-overflow,1,015_sha1.c_175_local_cpp_cwe-120-overflow
SEL-026,interceptor/user,128,__interceptor_free,SEGV,1,648_user_record.c_373_sailor_cpp_CWE-416_DirectFreeArgUseFast
SEL-027,interceptor/users.c,450,__interceptor_strdup,SEGV,1,1780_users.c_194_sailor_wmi-2-type-confusion-leak
SEL-028,libselinux/src/context.c,40,context_new,stack-buffer-overflow,1,162_context.c_39_local_cpp_cwe-125-cursor-lookahead-missing-bytes-check
SEL-029,libsepol/src/boolean_record.c,57,sepol_bool_key_extract,heap-use-after-free,1,1844_boolean_record.c_59_sailor_wmi-2-type-confusion-leak
SEL-030,libsepol/src/boolean_record.c,102,sepol_bool_set_name,heap-buffer-overflow,1,1461_boolean_record.c_102_sailor_wmi-2-type-confusion-leak
SEL-031,libsepol/src/boolean_record.c,156,sepol_bool_clone,heap-use-after-free,1,1282_boolean_record.c_156_sailor_wmi-2-type-confusion-leak
SEL-032,libsepol/src/boolean_record.c,177,sepol_bool_free,heap-use-after-free,1,655_boolean_record.c_178_sailor_cpp_CWE-416_DirectFreeArgUseFast
SEL-033,libsepol/src/conditional.c,467,cond_av_list_destroy,heap-buffer-overflow,1,12287_conditional.c_467_sailor_kernel-lifecycle-mismatch
SEL-034,libsepol/src/context_record.c,112,sepol_context_set_mls,heap-buffer-overflow,1,2154_context_record.c_112_sailor_wmi-2-type-confusion-leak
SEL-035,libsepol/src/context_record.c,158,sepol_context_clone,heap-use-after-free,1,1833_context_record.c_167_sailor_wmi-2-type-confusion-leak
SEL-036,libsepol/src/ebitmap.c,277,ebitmap_cpy,heap-use-after-free,1,2638_ebitmap.c_278_sailor_wmi-2-type-confusion-leak
SEL-037,libsepol/src/ebitmap.c,285,ebitmap_cpy,heap-use-after-free,2,2691_ebitmap.c_286_sailor_wmi-2-type-confusion-leak
SEL-038,libsepol/src/ebitmap.c,521,ebitmap_destroy,stack-buffer-overflow,1,12115_ebitmap.c_522_sailor_wmi-3-arbitrary-free-stale-traversal
SEL-039,libsepol/src/hashtab.c,195,hashtab_search,heap-use-after-free,1,1319_hashtab.c_118_sailor_wmi-2-type-confusion-leak
SEL-040,libsepol/src/hashtab.c,219,hashtab_destroy,SEGV,1,1308_hashtab.c_121_sailor_wmi-2-type-confusion-leak
SEL-041,libsepol/src/ibpkey_record.c,316,sepol_ibpkey_clone,heap-use-after-free,1,1423_ibpkey_record.c_316_sailor_wmi-2-type-confusion-leak
SEL-042,libsepol/src/mls.c,339,mls_context_to_sid,heap-buffer-overflow,1,1416_mls.c_713_sailor_wmi-2-type-confusion-leak
SEL-043,libsepol/src/module.c,393,module_package_read_offsets,heap-use-after-free,3,2544_module.c_509_sailor_wmi-2-type-confusion-leak
SEL-044,libsepol/src/node_record.c,55,node_parse_addr,heap-buffer-overflow,1,2735_node_record.c_412_sailor_wmi-2-type-confusion-leak
SEL-045,libsepol/src/node_record.c,112,node_alloc_addr,heap-buffer-overflow,1,2701_node_record.c_405_sailor_wmi-2-type-confusion-leak
SEL-046,libsepol/src/node_record.c,265,sepol_node_key_unpack,SEGV,1,103_nodes.c_207_local_cpp_cwe-125-oob-read
SEL-047,libsepol/src/node_record.c,443,sepol_node_get_mask,heap-use-after-free,1,2496_node_record.c_446_sailor_wmi-2-type-confusion-leak
SEL-048,libsepol/src/node_record.c,464,sepol_node_get_mask_bytes,heap-use-after-free,1,2411_node_record.c_472_sailor_wmi-2-type-confusion-leak
SEL-049,libsepol/src/node_record.c,470,sepol_node_get_mask_bytes,SEGV,1,2371_node_record.c_466_sailor_wmi-2-type-confusion-leak
SEL-050,libsepol/src/node_record.c,509,sepol_node_set_mask_bytes,stack-buffer-overflow,1,2138_node_record.c_509_sailor_wmi-2-type-confusion-leak
SEL-051,libsepol/src/node_record.c,582,sepol_node_clone,heap-use-after-free,1,1611_node_record.c_595_sailor_wmi-2-type-confusion-leak
SEL-052,libsepol/src/policydb_public.c,43,sepol_policy_file_get_len,heap-use-after-free,1,1373_policydb_public.c_42_sailor_wmi-2-type-confusion-leak
SEL-053,libsepol/src/port_record.c,66,sepol_port_key_extract,heap-use-after-free,2,1950_port_record.c_66_sailor_wmi-2-type-confusion-leak
SEL-054,libsepol/src/port_record.c,228,sepol_port_clone,heap-use-after-free,1,1285_port_record.c_233_sailor_wmi-2-type-confusion-leak
SEL-055,libsepol/src/user_record.c,59,sepol_user_key_unpack,SEGV,5,1661_users.c_148_sailor_wmi-2-type-confusion-leak
SEL-056,libsepol/src/user_record.c,93,sepol_user_compare2,heap-use-after-free,2,2562_user_record.c_93_sailor_wmi-2-type-confusion-leak
SEL-057,libsepol/src/user_record.c,211,sepol_user_has_role,heap-use-after-free,2,2134_user_record.c_212_sailor_wmi-2-type-confusion-leak
SEL-058,libsepol/src/user_record.c,270,sepol_user_get_roles,heap-use-after-free,2,1774_user_record.c_275_sailor_wmi-2-type-confusion-leak
SEL-059,libsepol/src/user_record.c,282,sepol_user_get_roles,heap-buffer-overflow,1,1820_user_record.c_282_sailor_wmi-2-type-confusion-leak
SEL-060,libsepol/src/user_record.c,337,sepol_user_clone,heap-use-after-free,2,1260_user_record.c_341_sailor_wmi-2-type-confusion-leak
SEL-061,libsepol/src/user_record.c,371,sepol_user_free,heap-use-after-free,1,649_user_record.c_374_sailor_cpp_CWE-416_DirectFreeArgUseFast
SEL-062,libsepol/src/write.c,2241,policydb_write,heap-buffer-overflow,2,1042_policydb_convert.c_96_sailor_wmi-2-type-confusion-leak
